<?xml version="1.0" ?>

<container xmlns="http://symfony.com/schema/dic/services"
           xmlns:xsi="http://www.w3.org/2001/XMLSchema-instance"
           xsi:schemaLocation="http://symfony.com/schema/dic/services http://symfony.com/schema/dic/services/services-1.0.xsd">

    <services>
        <service id="Reqser\Plugin\Service\ScheduledTask\ReqserSnippetCrawler">
            <tag name="shopware.scheduled.task" />
        </service>
        <service id="Reqser\Plugin\Service\ScheduledTask\ReqserSnippetCrawlerHandler" public="true">
            <argument type="service" id="scheduled_task.repository" />
            <argument type="service" id="Doctrine\DBAL\Connection"/>
            <argument type="service" id="logger"/>
            <argument type="service" id="service_container"/>
            <argument type="service" id="Shopware\Core\System\SystemConfig\SystemConfigService"/>
            <tag name="messenger.message_handler" />
        </service>
    </services>
</container>

